,launch,year,date,kms,points,dep,flight type,pilot name,take off,landing,dist1,dist2,dist3,dist4,route,cat,wing,speed,duration,max alt,BD,lat BD,lon BD,time BD,BA,lat BA,lon BA,time BA,sex
0,monedieres,2000-2001,22/04/2001,44.0,44.0,19,Dist libre,Thierry BOUDEAU,LES MONEDIERES,GIOUX,0.0,0.0,0.0,0.0,LES MONEDIERES=>GIOUX,0,up soul,0.0,0.0,0.0,LES MONEDIERES,0.0,0.0,0.0,GIOUX,0.0,0.0,0.0,male
1,monedieres,2000-2001,22/04/2001,44.0,44.0,19,Dist libre,Franck PERRIN,LES MONEDIERES,GIOUX,0.0,0.0,0.0,0.0,LES MONEDIERES=>GIOUX,D,Magic 1,0.0,0.0,0.0,LES MONEDIERES,0.0,0.0,0.0,GIOUX,0.0,0.0,0.0,male
2,monedieres,2001-2002,20/05/2002,30.0,30.0,19,Dist libre,Franck PERRIN,Les Monédières,Lac de Chamet,0.0,0.0,0.0,0.0,Les Monédières=>Lac de Chamet,K,Boomerang 10,0.0,0.0,0.0,Les Monédières,0.0,0.0,0.0,Lac de Chamet,0.0,0.0,0.0,male
3,monedieres,2002-2003,27/04/2003,70.0,70.0,19,Dist libre,Franck PERRIN,Les Monédières (19),Champagnat (23),0.0,0.0,0.0,0.0,Les Monédières (19)=>Champagnat (23),D,Magic 1,0.0,0.0,0.0,Les Monédières (19),0.0,0.0,0.0,Champagnat (23),0.0,0.0,0.0,male
4,monedieres,2002-2003,27/04/2003,15.0,15.0,19,Dist libre,Michel EMY,Les Monédières (19),Bugeat (19),0.0,0.0,0.0,0.0,Les Monédières (19)=>Bugeat (19),K,Boomerang 10,0.0,0.0,0.0,Les Monédières (19),0.0,0.0,0.0,Bugeat (19),0.0,0.0,0.0,male
5,monedieres,2002-2003,01/05/2003,65.0,65.0,19,Dist libre,Kevin BONNENFANT,Les Monedières,Vedignat,0.0,0.0,0.0,0.0,Les Monedières=>Vedignat,O,Tribute,0.0,0.0,0.0,Extremité SO cretes monedieres,0.0,0.0,0.0,Vedignat - commune d'Ars - Creuse,0.0,0.0,0.0,male
6,monedieres,2004-2005,30/04/2005,77.0,77.0,19,Dist libre,Pascal LEGRAND,monédières,gueret,77.0,0.0,0.0,0.0,monédières=>gueret,C,Aéron,0.0,0.0,0.0,idem,0.0,0.0,0.0,entrée de gueret,0.0,0.0,0.0,male
7,monedieres,2005-2006,18/04/2006,19.0,19.0,19,Dist libre,Jean-pierre RAFFY,Les monédieres déco Nord,Etang de Brach,19.0,0.0,0.0,0.0,Les monédieres déco Nord=>Etang de Brach,B,Pawnee,0.0,0.0,1921.0,Les monédieres déco Nord,0.0,0.0,0.0,Etang de Brach,0.0,0.0,0.0,male
8,monedieres,2005-2006,25/07/2006,15.0,18.0,19,triangle,Jean-pierre RAFFY,Site des Monédieres NO,Est Madranges,6.7,4.7,3.6,0.0,Site des Monédieres NO=>Est MadrangesSite des Monédieres NO-Chaumiel-Madranges,K,Boomerang 10,0.0,0.0,2104.0,Site des Monédieres NO,0.0,0.0,0.0,Madranges,0.0,0.0,0.0,male
9,monedieres,2006-2007,22/04/2007,46.0,46.0,19,Dist 1 pt,Gregory FREYSSELINE,Monédières site Nord-ouest,Ussel (19),19.95,26.03,0.0,0.0,Monédières site Nord-ouest=>Ussel (19)Egletons (19),C,Malula,0.0,0.0,0.0,Décollage,0.0,0.0,0.0,Ussel (19),0.0,0.0,0.0,male
10,monedieres,2006-2007,22/04/2007,66.0,66.0,19,Dist 1 pt,Bruno VERLHAC,Monédières site Nord Ouest,Cros (63),18.0,48.0,0.0,0.0,Monédières site Nord Ouest=>Cros (63)Egletons (19),K,Boomerang 10,0.0,0.0,0.0,Décollage,0.0,0.0,0.0,D613 5 kms à l'Ouest de Cros (63),0.0,0.0,0.0,male
11,monedieres,2007-2008,05/04/2008,35.0,35.0,19,Dist libre,Olivier TANTOT,Monédières NO - Suc au May,Neuvic 19160,35.0,0.0,0.0,0.0,Monédières NO - Suc au May=>Neuvic 19160,C,Mistral 4,0.0,0.0,0.0,Monédières NO - Suc au May,0.0,0.0,0.0,Neuvic 19160,0.0,0.0,0.0,male
12,monedieres,2007-2008,05/04/2008,35.0,35.0,19,Dist libre,Franck PERRIN,Monédières NO - Suc au May,Neuvic 19160,35.0,0.0,0.0,0.0,Monédières NO - Suc au May=>Neuvic 19160,C,Antea,0.0,0.0,0.0,Monédières NO - Suc au May,0.0,0.0,0.0,Neuvic 19160,0.0,0.0,0.0,male
13,monedieres,2007-2008,01/05/2008,15.2,15.2,19,Dist libre,Bruno VERLHAC,Monédières Sud,Bugeat,15.2,0.0,0.0,0.0,Monédières Sud=>Bugeat,K,Boomerang 10,0.0,0.0,0.0,Freysseline,0.0,0.0,0.0,Intersection D32 - D18,0.0,0.0,0.0,male
14,monedieres,2007-2008,02/05/2008,35.7,35.7,19,Dist libre,Bruno VERLHAC,Monédières Sud,Bellechassagne,35.7,0.0,0.0,0.0,Monédières Sud=>Bellechassagne,K,Boomerang 10,0.0,0.0,0.0,Freysseline,0.0,0.0,0.0,Bellechassagne Eglise,0.0,0.0,0.0,male
15,monedieres,2007-2008,02/05/2008,18.0,18.0,19,Dist libre,Michel EMY,site des Monédieres Sud,Lacelle,18.0,0.0,0.0,0.0,site des Monédieres Sud=>Lacelle,K,Boomerang 10,0.0,0.0,0.0,site des Monédieres Sud,0.0,0.0,0.0,Lacelle,0.0,0.0,0.0,male
16,monedieres,2007-2008,07/06/2008,55.0,55.0,19,Dist libre,Renaud BONEL,Puy des Monédières NW,2.5Kms à l'Est de Cros de Monvert,55.0,0.0,0.0,0.0,Puy des Monédières NW=>2.5Kms à l'Est de Cros de Monvert,D,Tycoon,0.0,0.0,1969.0,Puy des Monédières NW,0.0,0.0,0.0,2.5Kms à l'Est de Cros de Monvert,0.0,0.0,0.0,male
17,monedieres,2007-2008,20/07/2008,27.8,27.8,19,Dist 1 pt,Bruno VERLHAC,Monédières,Chamalot,0.6,27.2,0.0,0.0,Monédières=>ChamalotEst du Déco,K,Boomerang 10,0.0,0.0,1794.0,Déco Nord-Ouest,0.0,0.0,0.0,Chamalot,0.0,0.0,0.0,male
18,monedieres,2007-2008,20/07/2008,20.0,20.0,19,Dist 1 pt,Frederic BIOJOUT,puy des monedieres,gare de correze,4.0,16.0,0.0,0.0,puy des monedieres=>gare de correzemadranges,C,Ra,0.0,0.0,0.0,puy des monedieres,0.0,0.0,0.0,gare de correze,0.0,0.0,0.0,male
19,monedieres,2007-2008,27/07/2008,16.0,16.0,19,Dist 2 pts,Renaud BONEL,Puy des Monédières NW,Attero Les Borderies,6.0,6.0,4.0,0.0,Puy des Monédières NW=>Attero Les BorderiesStade Foot Treignac-Madranges,D,Tycoon,0.0,0.0,0.0,Puy des Monédières NW,0.0,0.0,0.0,Attero Les Borderies,0.0,0.0,0.0,male
20,monedieres,2008-2009,06/05/2009,16.0,19.2,87,Aller-Retour,Jean-pierre RAFFY,Puy des monédiéres,Puy des monédiéres,8.0,8.0,0.0,0.0,Puy des monédiéres=>Puy des monédiéresLe Lonzac-Les borderies,K,Boomerang 10,0.0,0.0,0.0,Puy des monédiéres,0.0,0.0,0.0,Puy des monédiéres,0.0,0.0,0.0,male
21,monedieres,2009-2010,17/04/2010,30.0,36.0,19,Aller-Retour,Jean-pierre RAFFY,Monédiéres,Monédiéres,15.0,15.0,0.0,0.0,Monédiéres=>MonédiéresMonédiéres -Pont vézére après Vernejoux,K,Boomerang 10,0.0,0.0,0.0,Monédiéres,0.0,0.0,0.0,Monédiéres,0.0,0.0,0.0,male
22,monedieres,2009-2010,18/04/2010,70.1,70.1,19,Dist 2 pts,Jean-marc GRESILLAUD,monédières déco sud,NE Maisonnisses,15.64,24.18,30.32,0.0,monédières déco sud=>NE MaisonnissesViam-Peyrat-le Châteu,C,Sigma 7,0.0,0.0,0.0,monédières déco sud,0.0,0.0,0.0,NE Maisonnisses,0.0,0.0,0.0,male
23,monedieres,2009-2010,18/04/2010,28.0,28.0,19,Dist 1 pt,Jean-pierre RAFFY,Monédiéres,Planazet,15.0,13.0,0.0,0.0,Monédiéres=>PlanazetChamberet,K,Boomerang 10,0.0,0.0,0.0,Monédiéres,0.0,0.0,0.0,Planazet(Lac de Viam),0.0,0.0,0.0,male
24,monedieres,2010-2011,04/04/2011,16.75,23.45,19,triangle FAI,Bruno VERLHAC,Déco Monédières Nord Ouest,Déco Monédières Nord Ouest,5.37,5.3,6.1,0.0,Déco Monédières Nord Ouest=>Déco Monédières Nord OuestLe Naud-Bouloux-Suc au May,D,Avax XC3,13.7,1.2,1845.0,Veix,455045.0,184062.0,1301925701.0,Déco Monédières Nord Ouest,454795.0,185453.0,1301930103.0,male
25,monedieres,2010-2011,17/04/2011,16.93,23.7,19,triangle FAI,Renaud BONEL,La Fournaise Monèdières,La Fournaise Monèdières,5.73,5.66,5.56,0.0,La Fournaise Monèdières=>La Fournaise MonèdièresEst Triviaux-Sud Roumailliac-Chaumeil,D,Tycoon,24.5,0.7,2422.0,Les Borderies,454868.0,183555.0,1303048986.0,La Fournaise Monèdières,454657.0,185763.0,1303051476.0,male
26,monedieres,2010-2011,17/04/2011,81.04,81.04,19,Dist 2 pts,Bruno VERLHAC,La Fournaise Monèdières,"Lieu dit ""La Veyssie""",10.21,51.87,19.05,0.0,"La Fournaise Monèdières=>Lieu dit ""La Veyssie""Est Lac des Bariousses-Sud de Crocq",D,Avax XC3,17.2,4.7,2964.0,La Fournaise Monèdières,45461.0,184047.0,1303039042.0,"Lieu dit ""La Veyssie""",45687.0,239055.0,1303055972.0,male
27,monedieres,2010-2011,05/05/2011,58.84,58.84,19,Dist 2 pts,Frederic SINATTI,La Fournaise Monèdières,Lieu dit Chirouse,46.6,10.85,1.45,0.0,La Fournaise Monèdières=>Lieu dit ChirouseSaint-Marc-à-Loubaud-Saint-Quentin-la-Chabanne,D,Mantra 3,19.7,3.0,2358.0,Le Suc au May,454606.0,185672.0,1304597925.0,Lieu dit Chirouse,458754.0,21323.0,1304608652.0,male
28,monedieres,2010-2011,05/05/2011,58.84,58.84,19,Dist 2 pts,Laurent VIROLES,La Fournaise Monèdières,Lieu dit Chirouse,46.6,10.85,1.45,0.0,La Fournaise Monèdières=>Lieu dit ChirouseSaint-Marc-à-Loubaud-Saint-Quentin-la-Chabanne,D,Mantra 2,19.7,3.0,0.0,Le Suc au May,454606.0,185672.0,1304597925.0,Lieu dit Chirouse,458754.0,21323.0,1304608652.0,male
29,monedieres,2010-2011,28/05/2011,12.38,17.33,19,triangle FAI,Renaud BONEL,Déco Monédières Nord Ouest,Saint-Augustin,3.48,3.94,4.98,0.0,Déco Monédières Nord Ouest=>Saint-AugustinEst Madrandes-Déco Monédières Nord Ouest-Ouest Chaumeil,D,Tycoon,19.7,0.6,2027.0,Déco Monédières Nord Ouest,454789.0,183963.0,1306591589.0,Saint Augustin,454591.0,186472.0,1306593849.0,male
30,monedieres,2010-2011,28/05/2011,18.06,18.06,19,Dist 2 pts,Jerome CATINAUD,deco monedieres nord ouest borderies,"vitrac sur montane, riviere",4.39,5.82,7.85,0.0,"deco monedieres nord ouest borderies=>vitrac sur montane, riviereetang sud est chauzeix, la chaussette,,,-etang de meyrignac",C,Aspen 3,0.0,0.0,0.0,Déco Monédières Nord Ouest,454867.0,183884.0,0.0,"Vitrac-sur-Montane, village de la riviere, chemin de l'A89,,,",453675.0,195033.0,0.0,male
31,monedieres,2010-2011,28/05/2011,20.06,20.06,19,Dist 2 pts,Pierrick AUBOUIN,Déco Monédières Nord Ouest,eyrein,0.7,0.88,18.42,0.0,Déco Monédières Nord Ouest=>eyreinDéco Monédières Nord Ouest-Déco Monédières Nord Ouest,D,Mantra 2,15.4,1.3,0.0,Déco Monédières Nord Ouest,454883.0,18374.0,1306592103.0,Borg,453329.0,191073.0,1306596806.0,male
32,monedieres,2010-2011,24/06/2011,17.72,21.27,19,Quadrilatère,Vincent BOURDET,Déco Monédières Nord Ouest,Déco Monédières Nord Ouest,4.42,3.31,6.71,3.28,Déco Monédières Nord Ouest=>Déco Monédières Nord OuestDéco Monédières Nord Ouest-Sud Roumailliac-Puy Long-Veix,C,Avax XC2,0.0,0.0,1972.0,Déco Monédières Nord Ouest,454901.0,18505.0,0.0,Veix,0.0,0.0,0.0,male
33,monedieres,2010-2011,14/07/2011,19.05,19.05,19,Dist 1 pt,Jerome CATINAUD,deco monedieres nord ouest,rosiers d'egletons,8.61,10.44,0.0,0.0,deco monedieres nord ouest=>rosiers d'egletonsfranchesse,C,Aspen 3,0.0,0.0,0.0,Déco Monédières Nord Ouest,454875.0,183831.0,0.0,Rosiers-d'Égletons,453796.0,20043.0,0.0,male
34,monedieres,2011-2012,03/05/2012,20.01,28.02,19,triangle FAI,Vincent BOURDET,La Fournaise Monèdières,La Fournaise Monèdières,6.31,8.11,5.62,0.0,La Fournaise Monèdières=>La Fournaise MonèdièresVeix-Chazalviel-Le Mazeau,C,Avax XC2,15.4,1.3,2613.0,La Fournaise Monèdières,45466.0,185078.0,1336061827.0,La Fournaise Monèdières,454679.0,185142.0,1336066515.0,male
35,monedieres,2010-2011,08/07/2011,21.66,21.66,19,Dist 2 pts,Pierrick AUBOUIN,La Fournaise Monèdières,Rosiers-d'Égletons,10.61,3.98,7.1,0.0,La Fournaise Monèdières=>Rosiers-d'Égletonsla fournaise-Saint-Yrieix-le-Déjalat,D,Mantra 2,12.9,1.7,2263.0,La Fournaise Monèdières,454672.0,185.0,1310129811.0,Rosiers-d'Égletons,453887.0,201412.0,1310135848.0,male
36,monedieres,2011-2012,25/09/2011,20.87,20.87,19,Dist 2 pts,Laurent SOLEIL,La Fournaise Monèdières,Puy de chassagné NE Bugeat,0.7,0.33,19.87,0.0,La Fournaise Monèdières=>Puy de chassagné NE BugeatLa Fournaise Monèdières-La Fournaise Monèdières,D,Boomerang GTO,19.6,1.1,1871.0,La Fournaise Monèdières,454669.0,18507.0,1316956022.0,Puy de Chassagné NE Bugeat,456302.0,194743.0,1316959854.0,male
37,monedieres,2012-2013,09/09/2012,24.84,24.84,19,Dist 2 pts,Laurent SOLEIL,La Fournaise Monèdières,Tourbière de Longeroux (prévoir les Guêtres !),0.83,0.71,23.33,0.0,La Fournaise Monèdières=>Tourbière de Longeroux (prévoir les Guêtres !)Le Suc au May-La Fournaise Monèdières,C,Diamir,19.3,1.3,2311.0,La Fournaise Monèdières,454679.0,185098.0,1347198595.0,Tourbière de Longeroux (prévoir les Guêtres !),455934.0,208995.0,1347203235.0,male
38,monedieres,2012-2013,09/09/2012,59.96,59.96,19,Dist 2 pts,Francois CORMIER,La Fournaise Monèdières,Neoux,1.09,54.23,4.71,0.0,La Fournaise Monèdières=>NeouxLe Suc au May-Saint-Frion,D,Mantra 4,24.8,2.4,2644.0,La Fournaise Monèdières,454689.0,185808.0,1347194655.0,Neoux,458917.0,22708.0,1347203375.0,male
39,monedieres,2012-2013,24/04/2013,25.7,25.7,19,Dist 2 pts,Jerome CATINAUD,La Fournaise Monèdières,"REMERIERAS , etang de cros",1.62,2.03,22.08,0.0,"La Fournaise Monèdières=>REMERIERAS , etang de crosDéco Monédières Nord Ouest-Le Suc au May",C,Aspen 3,17.1,1.5,2540.0,La Fournaise Monèdières,454635.0,185268.0,1366814064.0,"remenieras, chez les syriex pere et fils...",456443.0,174738.0,1366819476.0,male
40,monedieres,2012-2013,24/04/2013,23.62,28.34,19,triangle,Vincent BOURDET,La Fournaise Monèdières,La Fournaise Monèdières,7.94,5.28,10.42,0.0,La Fournaise Monèdières=>La Fournaise MonèdièresLe Mazeau-Puy Long-Sur Chaluel,C,Avax XC2,10.4,2.3,2672.0,La Fournaise Monèdières,454659.0,186095.0,1366814623.0,Déco Monédières Nord Ouest,454763.0,184317.0,1366822832.0,male
41,monedieres,2012-2013,21/07/2013,85.53,85.53,19,Dist 2 pts,Antoine CABIAC,La Fournaise Monèdières,le roc,62.62,14.75,8.25,0.0,La Fournaise Monèdières=>le rocLieu dit Labarthe (Floirac)-Martel,D,Boomerang X,20.9,4.1,2654.0,La Fournaise Monèdières,454698.0,18539.0,1374411308.0,le roc,448693.0,144418.0,1374426026.0,male
42,monedieres,2012-2013,21/07/2013,35.73,42.88,19,triangle,Frederic BIOJOUT,La Fournaise Monèdières,La Fournaise Monèdières,5.0,16.44,14.33,0.0,"La Fournaise Monèdières=>La Fournaise Monèdièreshttp://maps.google.fr/?z=13&q=45.4942,%201.87928&ll=45.4942-Veixhttp://maps.google.fr/?z=13&q=45.5116,%201.82022&ll=45.5116-http://maps.google.fr/?z=13&q=45.3663,%201.85825&ll=45.3663",D,Boomerang GTO,18.1,2.0,2610.0,La Fournaise Monèdières,454654.0,186145.0,1374408577.0,Le Mazeau,454389.0,185725.0,1374415681.0,male
43,monedieres,2013-2014,12/03/2014,19.61,23.53,19,triangle,Vincent BOURDET,La Fournaise Monèdières,La Fournaise Monèdières,0.97,9.46,9.2,0.0,La Fournaise Monèdières=>La Fournaise MonèdièresLa Fournaise Monèdières-La Fournaise Monèdières-Lestrade,O,U Sport Evo Fr,16.3,1.2,1957.0,La Fournaise Monèdières,454641.0,18552.0,1394629882.0,Le Mazeau,454388.0,184533.0,1394634218.0,male
44,monedieres,2013-2014,17/04/2014,42.63,42.63,19,Dist 2 pts,Jerome CATINAUD,déco monédieres NORD OUEST,"lafage, Soursac",0.32,34.35,7.96,0.0,"déco monédieres NORD OUEST=>lafage, SoursacDéco Monédières Nord Ouest-Lieu dit Lascaux, sud saint-merd de lapleau",C,Aspen 4,0.0,0.0,0.0,Déco Monédières Nord Ouest,454852.0,183934.0,0.0,Lafage,452545.0,219949.0,0.0,male
45,monedieres,2013-2014,27/07/2014,17.03,17.03,19,Dist 2 pts,Vincent BOURDET,Déco Monédières Nord Ouest,Le Lonzac,10.61,3.96,2.48,0.0,Déco Monédières Nord Ouest=>Le LonzacLA RUE CHAMP-Chamboulive,D,U Sport Evo,11.3,1.5,1779.0,Déco Monédières Nord Ouest,454867.0,183915.0,1406466811.0,LE COUDERT,454292.0,173135.0,1406472227.0,male
46,monedieres,2014-2015,22/04/2015,22.02,22.02,19,Dist 2 pts,Geoffrey DEVENDEVILLE,La Fournaise Monèdières,L'estivalerie ( domps),0.57,0.53,20.94,0.0,La Fournaise Monèdières=>L'estivalerie ( domps) Suc au May-La Fournaise Monèdières,B,golden 4,24.8,0.9,1868.0,La Fournaise Monèdières,454669.0,185097.0,1429714498.0,l'estivalerie,456361.0,172508.0,1429717698.0,male
47,monedieres,2014-2015,22/04/2015,22.02,22.02,19,Dist 2 pts,Frederic BIOJOUT,La Fournaise Monèdières,L'estivalerie ( domps),0.57,0.53,20.94,0.0,La Fournaise Monèdières=>L'estivalerie ( domps) Suc au May-La Fournaise Monèdières,D,Usport 2,24.8,0.9,0.0,La Fournaise Monèdières,454669.0,185097.0,1429714498.0,l'estivalerie,456361.0,172508.0,1429717698.0,male
48,monedieres,2014-2015,28/04/2015,62.07,62.07,19,Dist 2 pts,Alain BARRAU,Déco Monédières Nord Ouest,Cormiac,0.78,0.76,60.6,0.0,Déco Monédières Nord Ouest=>CormiacDéco Monédières Nord Ouest-Déco Monédières Nord Ouest,C,Artik 2,24.5,2.5,2020.0,Les Borderies,45486.0,1836.0,1430214514.0,Cormiac,449582.0,201048.0,1430223642.0,male
49,monedieres,2014-2015,28/04/2015,61.71,61.71,19,Dist 2 pts,Vincent FABRE,Déco Monédières Nord Ouest,Riouzal,0.75,3.48,57.55,0.0,"Déco Monédières Nord Ouest=>RiouzalDéco Monédières Nord Ouest-Veixhttp://maps.google.fr/?z=13&q=45.5116,%201.820",K,Enzo 2,33.1,1.9,1807.0,Déco Monédières Nord Ouest,45488.0,184053.0,1430213286.0,Riouzal,450082.0,199738.0,1430220006.0,male
50,monedieres,2014-2015,28/04/2015,170.98,170.98,19,Dist 2 pts,Jose FERREIRA,Déco Monédières Nord Ouest,Echangeur de Sévérac-le-Château,91.11,59.55,20.51,0.0,Déco Monédières Nord Ouest=>Echangeur de Sévérac-le-ChâteauMaurs-Leynhac-Laissac,K,Enzo 2,36.4,4.7,2022.0,Les Borderies,45486.0,183638.0,1430213305.0,Sévérac-le-Château,443318.0,30903.0,1430230217.0,male
51,monedieres,2014-2015,28/04/2015,59.38,59.38,19,Dist 2 pts,Guillaume CHATAIN,Déco Monédières Nord Ouest,Rouffiac,46.37,5.38,7.7,0.0,Déco Monédières Nord Ouest=>RouffiacSaint-Julien-aux-Bois-Saint-Cirgues-la-Loutre,O,Mantra R11,31.7,1.9,2013.0,Déco Monédières Nord Ouest,454882.0,183953.0,1430212912.0,Rouffiac,450171.0,216137.0,1430219656.0,male
52,monedieres,2014-2015,28/04/2015,75.86,75.86,19,Dist 2 pts,Denis CHOURAQUI,Déco Monédières Nord Ouest,La Segalassiere,0.67,32.58,42.69,0.0,Déco Monédières Nord Ouest=>La SegalassiereDéco Monédières Nord Ouest-.,K,Icepeak 6,33.0,2.3,1994.0,Les Borderies,454858.0,183493.0,1430212985.0,La S?galassi?re,448721.0,2203.0,1430221251.0,male
53,monedieres,2014-2015,28/04/2015,30.31,30.31,19,Dist 2 pts,Sammy VIENOT,Déco Monédières Nord Ouest,Marcillac-la-Croisille,25.95,3.7,0.69,0.0,Déco Monédières Nord Ouest=>Marcillac-la-CroisilleClergoux-Marcillac-la-Croisille,D,Peak 3,18.9,1.6,1774.0,Déco Monédières Nord Ouest,454887.0,183582.0,1430214027.0,Marcillac-la-Croisille,452676.0,202403.0,1430219797.0,male
54,monedieres,2014-2015,28/04/2015,106.86,106.86,19,Dist 2 pts,Patrice QUILLET,Déco Monédières Nord Ouest,Cassaniouze,43.82,28.69,34.48,0.0,Déco Monédières Nord Ouest=>CassaniouzeServi?res-le-Ch?teau-Sousceyrac,K,Icepeak 6,31.7,3.4,2137.0,Déco Monédières Nord Ouest,454877.0,183925.0,1430215182.0,Cassaniouze,446722.0,236175.0,1430227328.0,male
55,monedieres,2014-2015,28/04/2015,229.11,229.11,19,Dist 2 pts,Stephane DROUIN,Déco Monédières Nord Ouest,le paradie a l est de Mazamet,161.19,66.57,1.6,0.0,Déco Monédières Nord Ouest=>le paradie a l est de MazametCombefa-Angl,K,Enzo 2,37.9,6.1,2083.0,Déco Monédières Nord Ouest,454898.0,183998.0,1430215133.0,le paradie,435695.0,258882.0,1430236913.0,male
56,monedieres,2014-2015,28/04/2015,31.34,31.34,19,Dist 2 pts,Pierre CHAUSSADE,Déco Monédières Nord Ouest,Espagnac,0.56,29.68,1.14,0.0,Déco Monédières Nord Ouest=>EspagnacDéco Monédières Nord Ouest-Espagnac,D,Usport 2,24.5,1.3,1987.0,Déco Monédières Nord Ouest,45486.0,18395.0,1430219376.0,Saint-Paul,452247.0,188982.0,1430223976.0,male
57,monedieres,2014-2015,28/04/2015,119.13,119.13,19,Dist 2 pts,Jose ANSELMO,Déco Monédières Nord Ouest,Le Bez,26.32,52.59,40.34,0.0,Déco Monédières Nord Ouest=>Le BezMarcillac-la-Croisille-Cayrols,K,Icepeak 7,34.7,3.4,1923.0,Les Borderies,454859.0,183668.0,1430213223.0,Le Bez,446382.0,265253.0,1430225593.0,male
58,monedieres,2014-2015,25/07/2015,21.62,21.62,19,Dist 2 pts,Davy FARGES,Déco Monédières Nord Ouest,Chêne des bergères,1.47,11.49,8.68,0.0,Déco Monédières Nord Ouest=>Chêne des bergèresDéco Monédières Nord Ouest-Sarran,C,Ucross,12.2,1.8,2223.0,Déco Monédières Nord Ouest,454819.0,184127.0,1437840909.0,Gare de Corrèze,453399.0,187822.0,1437847309.0,male
59,monedieres,2014-2015,19/08/2015,34.41,34.41,19,Dist 2 pts,Didier PENOT,Déco Monédières Nord Ouest,Lamazi?re-Basse,12.83,2.01,19.6,0.0,Déco Monédières Nord Ouest=>Lamazi?re-BasseSarran-Saint-Yrieix-le-Déjalat,C,Delta 2,17.7,1.9,1886.0,Déco Monédières Nord Ouest,454929.0,183198.0,1439996504.0,Lamazi?re-Basse,453678.0,217857.0,1440003504.0,male
60,monedieres,2015-2016,27/04/2016,26.6,26.6,19,Dist 2 pts,David CHAZALVIEL,Déco Monédières Nord Ouest,Chateau de Maumont - Cité des Papes Limousins,14.67,8.98,2.98,0.0,"Déco Monédières Nord Ouest=>Chateau de Maumont - Cité des Papes LimousinsLe Monteil-Rosiers-d'Égletons - Coucou Mamie, Papi & les enfants",B,Rush 3,21.9,1.2,1874.0,Déco Monédières Nord Ouest,454905.0,18356.0,1461760939.0,Chateau de Maumont - Cité des Papes Limousins,453713.0,205282.0,1461765315.0,male
61,monedieres,2015-2016,28/04/2016,20.42,20.42,19,Dist 2 pts,Geoffrey DEVENDEVILLE,Déco Monédières Nord Ouest,Gimel les cascades,0.62,19.45,0.38,0.0,Déco Monédières Nord Ouest=>Gimel les cascades Déco Monédières Nord Ouest-la croix du dooubs,C,Delta,17.1,1.2,1832.0,Déco Monédières Nord Ouest,45486.0,183963.0,1461836227.0,Relais st Jacques,453155.0,183515.0,1461840530.0,male
62,monedieres,2015-2016,16/05/2016,20.27,20.27,19,Dist 2 pts,Guillaume LEFRANCOIS,Déco Monédières Nord Ouest,atterro champs,10.89,3.52,5.88,0.0,Déco Monédières Nord Ouest=>atterro champs LE COUDERT-LA RUE CHAMP,D,Mantra 4,10.5,1.9,1954.0,Déco Monédières Nord Ouest,45486.0,184037.0,1463395950.0,balise,453848.0,171282.0,1463402889.0,male
63,monedieres,2015-2016,16/05/2016,22.49,26.99,19,triangle,Yann KALISZCZAK,Déco Monédières Nord Ouest,Monédières Nord Ouest,10.18,10.62,1.72,0.0,Déco Monédières Nord Ouest=>Monédières Nord OuestDéco Monédières Nord Ouest-LE COUDERT-Déco Monédières Nord Ouest,B,Carrera,10.4,2.2,2026.0,Déco Monédières Nord Ouest,454866.0,183757.0,1463394861.0,Déco Monédières Nord Ouest,454941.0,183808.0,1463402646.0,male
64,monedieres,2015-2016,16/05/2016,35.21,35.21,19,Dist 2 pts,Nicolas HERNANDEZ,Déco Monédières Nord Ouest,LE COUDERT,14.65,17.83,2.77,0.0,Déco Monédières Nord Ouest=>LE COUDERTChamberet-LA RUE CHAMP,K,Icepeak 7 Pro-Model,14.0,2.5,2064.0,Déco Monédières Nord Ouest,454748.0,183683.0,1463395510.0,LE COUDERT,454338.0,172412.0,1463404533.0,male
65,monedieres,2015-2016,16/05/2016,27.07,32.48,19,triangle,Sophie VERHAEGE,Déco Monédières Nord Ouest,Puy Long,11.37,5.2,10.53,0.0,Déco Monédières Nord Ouest=>Puy LongSoudaine-Lavinadi?re-Déco Monédières Nord Ouest-Puy Long,K,Icepeak 7,12.7,2.1,2121.0,Bouloux,454941.0,180608.0,1463396167.0,Puy Long,454722.0,17848.0,1463403863.0,female
66,monedieres,2015-2016,16/05/2016,22.35,26.83,19,triangle,Pierre-francis BAUD-BLAIN,Déco Monédières Nord Ouest,Monédières Nord Ouest,10.33,9.84,2.21,0.0,Déco Monédières Nord Ouest=>Monédières Nord OuestDéco Monédières Nord Ouest-Soudaine-Lavinadi?re-Déco Monédières Nord Ouest,K,Icepeak 7,9.9,2.3,2028.0,Déco Monédières Nord Ouest,454806.0,183573.0,1463395292.0,Déco Monédières Nord Ouest,454938.0,183268.0,1463403412.0,male
67,monedieres,2015-2016,16/05/2016,27.85,27.85,19,Dist 2 pts,Herve LEMASSON,Déco Monédières Nord Ouest,LE COUDERT,7.17,14.26,6.46,0.0,Déco Monédières Nord Ouest=>LE COUDERTAffieux-D34 La Faurie-Chabriane,D,avax xc5,11.8,2.4,2034.0,Déco Monédières Nord Ouest,454753.0,183652.0,1463395483.0,LA RUE CHAMP,454128.0,174757.0,1463403978.0,male
68,monedieres,2015-2016,14/05/2016,15.78,15.78,19,Dist 2 pts,Cyrille KIRCHHOFF,Déco Monédières Nord Ouest,etang de meyrignac,0.88,7.59,7.33,0.0,Déco Monédières Nord Ouest=>etang de meyrignacDéco Monédières Nord Ouest-Sud Roumailliac,C,Artik 3,21.1,0.7,1472.0,Déco Monédières Nord Ouest,454866.0,1839.0,1463231808.0,etang de meyrignac,453783.0,186093.0,1463234505.0,male
69,monedieres,2015-2016,06/06/2016,18.82,18.82,19,Dist 2 pts,Geoffrey DEVENDEVILLE,La Fournaise Monèdières,Bugeat,1.08,1.05,16.72,0.0,La Fournaise Monèdières=>BugeatLa Fournaise Monèdières-Le Suc au May,C,Delta,20.9,0.9,2020.0,Le Suc au May,454589.0,18537.0,1465220912.0,Bugeat,456001.0,193038.0,1465224152.0,male
70,monedieres,2015-2016,08/06/2016,83.3,83.3,19,Dist 2 pts,Davy FARGES,Déco Monédières Nord Ouest,Bellevue,2.74,76.07,4.59,0.0,Déco Monédières Nord Ouest=>BellevueVeix-Lalande,C,Ucross,24.8,3.4,2198.0,Les Borderies,454847.0,183045.0,1465396785.0,Lacamp Haut,449308.0,234973.0,1465408881.0,male
71,monedieres,2015-2016,22/06/2016,15.53,15.53,19,Dist 2 pts,Geoffrey DEVENDEVILLE,La Fournaise Monèdières,Peyrissac,5.4,8.69,1.45,0.0,La Fournaise Monèdières=>Peyrissacveix -Le Lonzac,C,Delta,20.4,0.8,2101.0,La Fournaise Monèdières,454665.0,185053.0,1466604616.0,Peyrissac,454957.0,169718.0,1466607360.0,male
72,monedieres,2015-2016,26/06/2016,28.13,39.39,19,triangle FAI,Jerome CATINAUD,déco monédieres NORD OUEST,attero nord ouest monédieres,8.9,9.78,9.45,0.0,déco monédieres NORD OUEST=>attero nord ouest monédieresTreignac-La Fournaise Monèdières-Le Lonzac,D,Peak 4,0.0,0.0,0.0,Déco Monédières Nord Ouest,454867.0,184088.0,0.0,0,0.0,0.0,0.0,male
73,monedieres,2015-2016,24/07/2016,17.54,17.54,19,Dist 2 pts,David CHAZALVIEL,Déco Monédières Nord Ouest,Chêne des bergères,1.74,0.93,14.89,0.0,Déco Monédières Nord Ouest=>Chêne des bergèresLa Fournaise Monèdières-Suc au May,B,Rush 3,26.9,0.7,2206.0,Déco Monédières Nord Ouest,454867.0,183732.0,1469365672.0,Chêne des bergères,45344.0,188703.0,1469368022.0,male
74,monedieres,2015-2016,26/07/2016,15.73,18.88,19,triangle,David CHAZALVIEL,Déco Monédières Nord Ouest,Monédières Nord Ouest,5.01,7.01,3.71,0.0,Déco Monédières Nord Ouest=>Monédières Nord OuestSuc au May-Peyraube-Bouloux,B,Rush 3,7.0,2.2,2034.0,Déco Monédières Nord Ouest,454861.0,183718.0,0.0,Déco Monédières Nord Ouest,0.0,0.0,0.0,male
76,monedieres,2016-2017,01/09/2016,102.15,102.15,19,Dist 2 pts,Cedric AZEMAR,Déco Monédières Nord Ouest,Carnejac (vertical Cère),20.82,66.28,14.98,0.0,Déco Monédières Nord Ouest=>Carnejac (vertical Cère)Egletons-Vic,D,mantra 6,20.9,4.9,2795.0,Sud Roumailliac,454587.0,182455.0,1472732927.0,Carnejac (vertical Cère),44903.0,249948.0,1472750515.0,male
77,monedieres,2016-2017,02/09/2016,45.18,54.22,19,triangle,Cedric AZEMAR,La Fournaise Monèdières,franchesse,20.99,14.42,9.74,0.0,La Fournaise Monèdières=>franchessePuy Charrin-Mont Bessou-Monjanel,D,mantra 6,15.6,2.9,2677.0,Puy Charrin,454567.0,19034.0,1472819973.0,franchesse,454624.0,1941.0,1472830367.0,male
78,monedieres,2016-2017,18/02/2017,36.52,36.52,19,Dist 2 pts,Nicolas FAVRE,La Fournaise Monèdières,TRIOUZOUX,21.25,1.34,13.91,0.0,La Fournaise Monèdières=>TRIOUZOUXMoustier-Ventadour-Egletons,D,Zeno,16.4,2.2,1773.0,La Fournaise Monèdières,45467.0,184918.0,1487425823.0,Veuillac,454792.0,225445.0,1487433863.0,male
79,monedieres,2016-2017,09/04/2017,85.94,85.94,19,Dist 2 pts,Patrick SAVALLE,La Fournaise Monèdières,Auzances,42.59,41.13,2.16,0.0,La Fournaise Monèdières=>AuzancesValéoux-Auzances,C,CURE,22.1,3.9,2809.0,La Fournaise Monèdières,454644.0,185523.0,1491738155.0,Auzances,460218.0,249342.0,1491752124.0,male
80,monedieres,2016-2017,08/04/2017,19.37,19.37,19,Dist 2 pts,Philippe CARDOT,Déco Monédières Nord Ouest,Le Lonzac avenue de la Libération,4.18,3.89,11.29,0.0,Déco Monédières Nord Ouest=>Le Lonzac avenue de la LibérationPuy Long-Les Borderies,B,Mentor 3,15.1,1.3,2493.0,Déco Monédières Nord Ouest,454899.0,183693.0,1491660523.0,Le Lonzac avenue de la Libération,454576.0,169685.0,1491665147.0,male
81,monedieres,2016-2017,08/04/2017,16.52,23.13,19,triangle FAI,Nicolas GIRARD,Déco Monédières Nord Ouest,La Fournaise Monèdières,5.23,4.7,6.58,0.0,"Déco Monédières Nord Ouest=>La Fournaise MonèdièresBouloux-Veixhttp://maps.google.fr/?z=13&q=45.5116,%201.820-La Fournaise Monèdières",B,Senso,10.5,1.6,2618.0,Déco Monédières Nord Ouest,454826.0,183525.0,1491661312.0,La Fournaise Monèdières,454739.0,185287.0,1491666962.0,male
82,monedieres,2016-2017,09/04/2017,25.53,25.53,19,Dist 2 pts,Davy FARGES,La Fournaise Monèdières,Le Maisonnial,1.23,2.19,22.09,0.0,La Fournaise Monèdières=>Le MaisonnialLa Fournaise Monèdières-La Fournaise Monèdières,C,Ucross,19.8,1.3,2584.0,La Fournaise Monèdières,454668.0,184797.0,1491747071.0,Le Maisonnial,456314.0,199668.0,1491751703.0,male
83,monedieres,2016-2017,16/04/2017,22.09,22.09,19,Dist 2 pts,Davy FARGES,Déco Monédières Nord Ouest,Brousse,2.59,17.48,2.01,0.0,Déco Monédières Nord Ouest=>BrousseEst Madranges-Gare de Corrèze,C,Ucross,15.8,1.4,1771.0,Déco Monédières Nord Ouest,454812.0,184638.0,1492351787.0,Chêne des bergères,453521.0,189288.0,1492356819.0,male
84,monedieres,2016-2017,16/04/2017,109.44,109.44,19,Dist 2 pts,Henri MONTEL,Déco Monédières Nord Ouest,St Flour,55.65,19.12,34.59,0.0,Déco Monédières Nord Ouest=>St FlourAnglards-de-Salers-Le vernet,D,Peak 4,28.8,3.8,2201.0,Les Borderies,454866.0,183647.0,1492343266.0,St Flour,450409.0,30662.0,1492356938.0,male
85,monedieres,2016-2017,17/04/2017,20.74,20.74,19,Dist 2 pts,Geoffrey DEVENDEVILLE,Déco Monédières Nord Ouest,Chêne des bergères,0.69,9.83,10.2,0.0,Déco Monédières Nord Ouest=>Chêne des bergèresDéco Monédières Nord Ouest-Lestrade,C,Delta,20.3,1.0,1466.0,Déco Monédières Nord Ouest,454837.0,183573.0,1492430190.0,Chêne des bergères,453418.0,190352.0,1492433862.0,male
86,monedieres,2016-2017,16/05/2017,15.84,19.01,19,triangle,Geoffrey DEVENDEVILLE,La Fournaise Monèdières,La Fournaise Monèdières,4.7,3.73,7.4,0.0,La Fournaise Monèdières=>La Fournaise MonèdièresLa Fournaise Monèdières-Saint-Augustin-etang de meyrignac,C,Delta,10.9,1.4,1406.0,La Fournaise Monèdières,454643.0,185168.0,1494932125.0,La Fournaise Monèdières,45467.0,185135.0,1494937341.0,male
87,monedieres,2016-2017,26/05/2017,43.33,43.33,19,Dist 2 pts,Nicolas FAVRE,La Fournaise Monèdières,Villards,11.38,9.81,22.11,0.0,La Fournaise Monèdières=>VillardsEst Lac des Bariousses-Sud Etang de Cros,D,Zeno,21.9,2.0,2599.0,La Fournaise Monèdières,454642.0,18536.0,1495801553.0,Peyrat=le=Chateau,458297.0,179558.0,1495808685.0,male
88,monedieres,2017-2018,18/04/2018,15.6,21.84,19,triangle FAI,Frederic BEAU,La Fournaise Monèdières,La Fournaise Monèdières,5.09,4.79,5.71,0.0,0,C,Red,12.8,1.2,1924.0,Sud Roumailliac,45463.0,181653.0,1524067224.0,La Fournaise Monèdières,454625.0,18543.0,1524071616.0,male
89,monedieres,2017-2018,26/04/2018,20.88,20.88,19,Dist 3 pts,David CHAZALVIEL,Déco Monédières Nord Ouest,Borg,0.48,17.49,2.36,0.54,0,C,Delta 2,21.4,1.0,1601.0,Déco Monédières Nord Ouest,454878.0,184048.0,1524751036.0,Borg,453343.0,192338.0,1524754543.0,male
90,monedieres,2017-2018,30/06/2018,51.02,51.02,19,Dist 3 pts,Lucas DRAGO,La Fournaise Monèdières,Saint-Germain-les-Belles,27.98,4.27,6.94,11.8,0,C,Artik 5,17.4,2.9,2691.0,La Fournaise Monèdières,45466.0,185038.0,1530368174.0,Saint-Germain-les-Belles,456408.0,148712.0,1530378757.0,male
91,monedieres,2017-2018,06/08/2018,38.9,38.9,19,Dist 3 pts,Nicolas FAVRE,La Fournaise Monèdières,Lac du Chammet,1.0,1.78,2.99,33.1,0,D,Zeno,25.4,1.5,2883.0,La Fournaise Monèdières,454645.0,185352.0,1533555330.0,Lac du Chammet,457222.0,20038.0,1533560840.0,male
92,monedieres,2017-2018,10/08/2018,27.1,37.94,19,triangle FAI,Bruno VERLHAC,Déco Monédières Nord Ouest,Déco Monédières Nord Ouest,7.8,10.89,8.39,0.0,0,B,Iota 2,15.3,1.8,2030.0,Bouloux,454889.0,179925.0,1533900134.0,Est Madranges,454792.0,182042.0,1533906496.0,male
93,monedieres,2018-2019,19/09/2018,17.06,23.88,19,triangle FAI,Thierry CHANTERAUD,La Fournaise Monèdières,Le Suc au May,6.43,5.24,5.38,0.0,0,D,Peak 3,8.4,2.0,1873.0,Le Suc au May,454575.0,184647.0,1537362690.0,Le Suc au May,45458.0,185362.0,1537369994.0,male
94,monedieres,2018-2019,19/09/2018,16.96,16.96,19,Dist 3 pts,Frederic BIOJOUT,La Fournaise Monèdières,La Fournaise Monèdières,4.51,4.27,4.1,4.07,0,D,Boomerang GTO 2,9.9,1.7,1945.0,La Fournaise Monèdières,454738.0,186682.0,1537360797.0,La Fournaise Monèdières,454615.0,184198.0,1537366958.0,male
95,monedieres,2018-2019,16/09/2018,20.29,28.4,19,triangle FAI,Davy FARGES,La Fournaise Monèdières,La Fournaise Monèdières,5.74,5.75,8.79,0.0,0,C,Volt 3,13.1,1.5,2028.0,Le Mazeau,454483.0,185763.0,1537106997.0,La Fournaise Monèdières,454694.0,185192.0,1537112557.0,male
96,monedieres,2018-2019,19/09/2018,18.17,25.44,19,triangle FAI,William SAINTE-CATHERINE,La Fournaise Monèdières,La Fournaise Monèdières,7.27,5.09,5.79,0.0,0,B,Rook 2,12.5,1.5,2020.0,La Fournaise Monèdières,454881.0,184382.0,1537363188.0,La Fournaise Monèdières,454652.0,185303.0,1537368413.0,male
97,monedieres,2018-2019,30/03/2019,20.79,20.79,19,Dist 3 pts,Geoffrey DEVENDEVILLE,La Fournaise Monèdières,2.1km de Chamberet,0.78,1.3,1.21,17.48,0,C,Delta,15.2,1.4,1834.0,La Fournaise Monèdières,454678.0,18511.0,1553947599.0,2.1km de Chamberet,455968.0,172885.0,1553952527.0,male
98,monedieres,2018-2019,29/03/2019,46.78,46.78,19,Dist 3 pts,Thierry CHANTERAUD,La Fournaise Monèdières,Saint-Moreil,0.92,20.84,23.12,1.88,0,D,Peak 3,33.8,1.4,2045.0,La Fournaise Monèdières,454611.0,184312.0,1553873592.0,Saint-Moreil,458391.0,1692.0,1553878576.0,male
99,monedieres,2018-2019,30/03/2019,27.47,27.47,19,Dist 3 pts,Alain BONNIER,La Fournaise Monèdières,la Nouaillé,2.5,0.44,9.48,15.04,0,D,Omega Xalps 2,21.0,1.3,1835.0,La Fournaise Monèdières,454676.0,185077.0,1553952458.0,la Nouaillé,456811.0,18802.0,1553957156.0,male
100,monedieres,2018-2019,30/03/2019,92.85,92.85,19,Dist 3 pts,William SAINTE-CATHERINE,La Fournaise Monèdières,Atterissage N Maupuy,19.2,16.39,26.77,30.43,0,D,mantra 6,23.6,3.9,2916.0,Freysselines,454615.0,183957.0,1553950376.0,Le Monteil,461804.0,183093.0,1553964550.0,male
101,monedieres,2018-2019,30/03/2019,26.06,26.06,19,Dist 3 pts,Nicolas GERONI,La Fournaise Monèdières,Rempnat,9.17,13.54,0.31,3.03,0,D,Pure,22.4,1.2,2151.0,La Fournaise Monèdières,454665.0,185048.0,1553949260.0,les Farges,456822.0,185685.0,1553953443.0,male
102,monedieres,2018-2019,30/03/2019,14.0,19.59,19,triangle FAI,Philippe CARDOT,La Fournaise Monèdières,Le Suc au May,4.41,5.02,4.56,0.0,0,B,Mentor 5,15.5,0.9,2146.0,La Fournaise Monèdières,454891.0,18441.0,1553958908.0,Déco Monédières Nord Ouest,454789.0,184385.0,1553962156.0,male
103,monedieres,2018-2019,30/03/2019,25.57,25.57,19,Dist 3 pts,Davy FARGES,La Fournaise Monèdières,La Buffatiere Basse,10.04,4.32,2.05,9.14,0,C,Volt 3,15.3,1.7,2371.0,La Fournaise Monèdières,454646.0,184852.0,1553948769.0,Le Mont Gradis,456268.0,185587.0,1553954801.0,male
104,monedieres,2018-2019,01/05/2019,21.99,21.99,19,Dist 3 pts,Davy FARGES,Déco Monédières Nord Ouest,La Goutte,1.73,4.94,1.65,13.64,0,C,Volt 3,14.7,1.5,2077.0,Déco Monédières Nord Ouest,454827.0,183377.0,1556712479.0,La Goutte,454505.0,194252.0,1556717871.0,male
105,monedieres,2018-2019,01/05/2019,14.72,17.67,19,triangle,Didier PENOT,Déco Monédières Nord Ouest,La Fournaise Monèdières,3.1,4.76,6.86,0.0,0,C,CURE,18.7,0.8,1979.0,Déco Monédières Nord Ouest,454824.0,184287.0,1556714599.0,Le Suc au May,454574.0,185673.0,1556717436.0,male
106,monedieres,2018-2019,02/08/2019,142.38,142.38,19,Dist 3 pts,William SAINTE-CATHERINE,Déco Monédières Nord Ouest,Saint-Côme-d'Olt,1.97,65.22,19.63,55.46,0,D,mantra 6,33.3,4.3,2407.0,Déco Monédières Nord Ouest,454808.0,183433.0,1564748950.0,Saint-Côme-d'Olt,445052.0,281687.0,1564764350.0,male
107,monedieres,2018-2019,08/06/2019,117.29,117.29,19,Dist 3 pts,Nicolas FAVRE,La Fournaise Monèdières,La Côte rousse,1.65,1.43,98.65,15.48,0,D,Zeno,22.3,5.3,2062.0,La Fournaise MonÃ¨diÃ¨res,454683.0,184578.0,1559993398.0,Néris-les-Bains,462898.0,269228.0,1560012330.0,male
108,monedieres,2018-2019,08/06/2019,12.61,17.65,19,triangle FAI,Davy FARGES,La Fournaise Monèdières,atterissage sud ouest officiel monedieres,5.52,3.53,3.55,0.0,0,C,Volt 3,7.6,1.7,1805.0,Ouest Chaumeil,454634.0,185997.0,1559995445.0,Le Suc au May,454591.0,185013.0,1560001429.0,male
109,monedieres,2018-2019,13/08/2019,49.17,49.17,19,Dist 3 pts,Geoffrey DEVENDEVILLE,Déco Monédières Nord Ouest,lieu-dit Albos,14.15,25.88,8.84,0.26,0,C,Delta,24.6,2.0,1980.0,Déco Monédières Nord Ouest,45487.0,183745.0,1565709797.0,lieu-dit Albos,452401.0,232138.0,1565716997.0,male
110,monedieres,2018-2019,26/08/2019,42.87,42.87,19,Dist 3 pts,Didier PENOT,La Fournaise Monèdières,La Fournaise Monèdières,4.88,10.72,16.42,10.82,0,C,Artik 5,18.1,2.4,2933.0,Ouest Chaumeil,454618.0,186062.0,1566825079.0,Le Suc au May,454558.0,184533.0,1566833618.0,male
111,monedieres,2018-2019,17/07/2019,22.84,22.84,19,Dist 3 pts,Davy FARGES,Déco Monédières Nord Ouest,Egletons,2.66,0.86,18.24,1.06,0,C,Volt 3,20.2,1.1,2492.0,Déco Monédières Nord Ouest,454893.0,183617.0,1563374304.0,Egletons,454176.0,206568.0,1563378368.0,male
112,monedieres,2018-2019,08/08/2019,67.49,67.49,19,Dist 3 pts,Nicolas FAVRE,Monèdières,Saint-Dizier-Leyrenne,1.01,24.69,40.06,1.69,0,D,Zeno,22.5,3.0,2006.0,Monèdières,45468.0,184668.0,1565268037.0,Saint-Dizier-Leyrenne,460279.0,173282.0,1565278815.0,male
113,monedieres,2018-2019,02/08/2019,84.41,84.41,19,Dist 3 pts,Jerome CATINAUD,Monèdières,YTRAC,2.47,72.94,4.83,4.11,0,D,Peak 4,19.4,4.3,2269.0,Monèdières,454679.0,18513.0,1564748306.0,ESBANS,449055.0,239138.0,1564763933.0,male
114,monedieres,2018-2019,02/08/2019,100.18,100.18,19,Dist 3 pts,Thierry CHANTERAUD,Déco Monédières Nord Ouest,Saint-Antoine,64.18,2.12,25.45,8.36,0,D,Peak 3,26.3,3.8,2306.0,Déco Monédières Nord Ouest,454879.0,183693.0,1564748960.0,Saint-Antoine,447527.0,234413.0,1564762664.0,male
115,monedieres,2018-2019,25/07/2019,15.92,22.29,19,triangle FAI,Thierry CHANTERAUD,Monèdières,Monèdières,5.52,5.31,5.07,0.0,0,D,Peak 3,13.1,1.2,2650.0,Déco Monédières Nord Ouest,454734.0,181825.0,1564069251.0,Le Suc au May,45454.0,184468.0,1564073636.0,male
116,monedieres,2018-2019,02/08/2019,84.33,84.33,19,Dist 3 pts,Frederic BIOJOUT,Déco Monédières Nord Ouest,YTRAC,3.24,2.0,75.76,3.28,0,D,Boomerang GTO 2,20.3,4.2,2305.0,Les Borderies,454862.0,183583.0,1564749070.0,ESBANS,449051.0,239208.0,1564764019.0,male
117,monedieres,2018-2019,24/08/2019,19.54,19.54,19,Dist 3 pts,Bruno KRESS,Monèdières,Chamberet,0.68,0.67,0.93,17.24,0,B,Hook 3,14.0,1.4,2085.0,Monèdières,454642.0,185385.0,1566648236.0,Chamberet,455832.0,171015.0,1566653276.0,male
118,monedieres,2018-2019,24/08/2019,30.44,30.44,19,Dist 3 pts,Gregory DI LEO,La Fournaise Monèdières,haut tarnac,17.36,10.68,0.95,1.43,0,C,Colt 2,27.1,1.1,1963.0,La Fournaise Monèdières,454656.0,184825.0,1566654973.0,Tarnac,4568.0,197263.0,1566659013.0,male
119,monedieres,2018-2019,25/08/2019,29.69,41.56,19,triangle FAI,William SAINTE-CATHERINE,Monèdières,Déco Monédières Nord Ouest,9.0,8.41,12.25,0.0,0,D,mantra 6,12.8,2.3,2491.0,Monèdières,454642.0,185435.0,1566738135.0,Déco Monédières Nord Ouest,454866.0,183962.0,1566746511.0,male
120,monedieres,2018-2019,26/08/2019,32.61,39.14,19,triangle,William SAINTE-CATHERINE,Monèdières,Monèdières,13.43,4.05,15.11,0.0,0,D,mantra 6,17.7,1.8,2835.0,Le Suc au May,454566.0,185727.0,1566827248.0,Le Mazeau,454308.0,186642.0,1566833896.0,male
121,monedieres,2019-2020,17/09/2019,20.28,28.39,19,triangle FAI,Davy FARGES,Déco Monédières Nord Ouest,Déco Monédières Nord Ouest,7.79,5.68,6.79,0.0,0,C,Volt 3,10.7,1.9,2460.0,Déco Monédières Nord Ouest,454869.0,183837.0,1568727156.0,Déco Monédières Nord Ouest,454869.0,183837.0,1568733988.0,male
122,monedieres,2019-2020,20/06/2020,41.35,29.6,19,Dist 3 pts,Davy FARGES,Déco Monédières Nord Ouest,Brousse,5.64,3.97,22.49,9.22,0,C,Volt 2,13.7,3.0,1999.0,Déco Monédières Nord Ouest,454829.0,185475.0,1592657184.0,Brousse,45352.0,188892.0,1592668034.0,male
123,monedieres,2019-2020,07/06/2020,14.18,19.86,19,triangle FAI,Nicolas FAVRE,Déco Monédières Nord Ouest,Monédières Nord Ouest,5.49,4.72,3.97,0.0,0,D,Zeno,9.7,1.5,1724.0,Déco Monédières Nord Ouest,454866.0,183835.0,1591530399.0,Déco Monédières Nord Ouest,454866.0,183833.0,1591535646.0,male
124,monedieres,2019-2020,19/06/2020,20.77,29.07,19,triangle FAI,Florian COUERON,Déco Monédières Nord Ouest,Puy Long,8.23,6.08,6.45,0.0,0,B,Mistral 7,10.7,1.9,1772.0,Déco Monédières Nord Ouest,454907.0,183315.0,1592576800.0,Déco Monédières Nord Ouest,454907.0,183313.0,1592583761.0,male
125,monedieres,2019-2020,20/06/2020,26.62,31.94,19,triangle,Florian COUERON,Déco Monédières Nord Ouest,Monédières Nord Ouest,11.47,3.35,11.78,0.0,0,B,Mistral 7,11.7,2.3,2090.0,Les Borderies,45486.0,183528.0,1592658263.0,Les Borderies,45486.0,183525.0,1592666467.0,male
126,monedieres,2019-2020,19/06/2020,23.27,32.58,19,triangle FAI,Nicolas FAVRE,Déco Monédières Nord Ouest,Déco Monédières Nord Ouest,6.7,7.6,8.96,0.0,0,D,Zeno,11.1,2.1,1662.0,Déco Monédières Nord Ouest,454866.0,183718.0,1592575449.0,Déco Monédières Nord Ouest,454866.0,18372.0,1592582977.0,male
127,monedieres,2019-2020,20/06/2020,20.92,20.92,19,Dist 3 pts,Nicolas FAVRE,Déco Monédières Nord Ouest,2.1km de Chamberet,11.04,5.51,1.26,3.1,0,D,Zeno,18.3,1.1,1874.0,Déco Monédières Nord Ouest,454871.0,184753.0,1592662751.0,2.1km de Chamberet,455878.0,173348.0,1592666877.0,male
128,monedieres,2019-2020,07/06/2020,14.22,19.91,19,triangle FAI,Davy FARGES,Déco Monédières Nord Ouest,La Gane Sauviat,5.25,4.09,4.87,0.0,0,C,Volt 3,10.6,1.3,1905.0,Déco Monédières Nord Ouest,454889.0,183595.0,1591538952.0,Veix,455138.0,182162.0,1591543794.0,male
129,monedieres,2019-2020,20/06/2020,41.35,29.6,19,Dist 3 pts,Frederic BIOJOUT,Déco Monédières Nord Ouest,Brousse,5.64,3.97,22.49,9.22,0,D,Leopard,13.7,3.0,1998.0,Déco Monédières Nord Ouest,454829.0,185475.0,1592657184.0,Brousse,45352.0,188892.0,1592668034.0,male
130,monedieres,2019-2020,20/06/2020,41.35,29.6,19,Dist 3 pts,Thierry CHANTERAUD,Déco Monédières Nord Ouest,Brousse,6.29,5.68,18.73,8.66,0,D,Peak 3,15.1,2.7,1969.0,Sud Roumailliac,454602.0,182253.0,1592657273.0,Brousse,453521.0,188892.0,1592667116.0,male
131,monedieres,2019-2020,25/06/2020,36.09,43.31,19,triangle,William SAINTE-CATHERINE,La Fournaise Monèdières,"etang sud est chauzeix, la chaussette,,,",17.12,2.53,16.43,0.0,0,D,Leopard,18.2,2.0,1845.0,Le Mazeau,454434.0,187143.0,1593093052.0,"etang sud est chauzeix, la chaussette,,,",454577.0,183917.0,1593100186.0,male
132,monedieres,2019-2020,14/07/2020,40.95,57.33,19,triangle FAI,William SAINTE-CATHERINE,Déco Monédières Nord Ouest,Déco Monédières Nord Ouest,13.14,14.53,13.26,0.0,0,D,Leopard,15.9,2.6,2321.0,Déco Monédières Nord Ouest,45486.0,184163.0,1594731527.0,Déco Monédières Nord Ouest,45486.0,184148.0,1594740774.0,male
133,monedieres,2019-2020,02/08/2020,54.16,54.16,19,Dist 3 pts,William SAINTE-CATHERINE,Déco Monédières Nord Ouest,Déco Monédières Nord Ouest,16.19,15.67,10.79,11.47,0,D,Leopard,17.6,3.1,1945.0,Déco Monédières Nord Ouest,454909.0,184767.0,946735039.0,Déco Monédières Nord Ouest,454875.0,184402.0,946746129.0,male
134,monedieres,2020-2021,12/09/2020,12.21,17.1,19,triangle FAI,Philippe CARDOT,Déco Monédières Nord Ouest,Déco Monédières Nord Ouest,3.46,5.33,3.42,0.0,0,B,Mentor 5,10.8,1.1,2181.0,Les Borderies,454851.0,183538.0,946735698.0,Les Borderies,454851.0,18354.0,946739780.0,male
135,monedieres,2020-2021,12/09/2020,42.31,50.77,19,triangle,William SAINTE-CATHERINE,Déco Monédières Nord Ouest,Déco Monédières Nord Ouest,9.87,12.35,20.06,0.0,0,D,Leopard,16.4,2.6,2331.0,Déco Monédières Nord Ouest,454857.0,183767.0,946729709.0,Déco Monédières Nord Ouest,454857.0,183768.0,946739013.0,male
136,monedieres,2020-2021,12/09/2020,15.49,21.69,19,triangle FAI,Amelie LIONETON,Déco Monédières Nord Ouest,Déco Monédières Nord Ouest,5.63,4.69,5.16,0.0,0,B,Echo,19.5,0.8,2507.0,Déco Monédières Nord Ouest,454822.0,184417.0,946735230.0,Est Madrandes,454805.0,18073.0,946738090.0,female
137,monedieres,2020-2021,12/09/2020,31.2,43.6,19,triangle FAI,Jerome CATINAUD,monedieres déco nord ouest,déco nord ouest monédieres,2.17,1.66,3.71,0.0,0,D,Peak 4,0.0,0.0,0.0,Chaumeil- etang de maurianges,45463.0,187981.0,0.0,La Fournaise Monèdières,454736.0,18575.0,0.0,male
138,monedieres,2020-2021,13/09/2020,46.31,64.83,19,triangle FAI,William SAINTE-CATHERINE,La Fournaise Monèdières,Monèdières,12.98,20.34,12.99,0.0,0,D,Leopard,15.1,3.1,2129.0,La Fournaise Monèdières,454679.0,185098.0,946730285.0,Monèdières,454681.0,185088.0,946741333.0,male
139,monedieres,2020-2021,12/09/2020,23.91,28.69,19,triangle,Thierry CHANTERAUD,Déco Monédières Nord Ouest,Déco Monédières Nord Ouest,9.64,3.7,10.55,0.0,0,D,Peak 3,15.4,1.6,2462.0,Déco Monédières Nord Ouest,454878.0,183718.0,946729335.0,Déco Monédières Nord Ouest,454878.0,183718.0,946734927.0,male
140,monedieres,2020-2021,15/09/2020,12.48,17.47,19,triangle FAI,Philippe CARDOT,La Fournaise Monèdières,La Fournaise Monèdières,3.49,4.85,4.13,0.0,0,B,Mentor 5,11.8,1.1,2354.0,La Fournaise Monèdières,454662.0,18527.0,946735472.0,La Fournaise Monèdières,454662.0,18527.0,946739266.0,male
141,monedieres,2018-2019,29/03/2019,14.58,14.58,19,Dist 3 pts,Thierry CHANTERAUD,La Fournaise Monèdières,Treignac,1.16,1.23,0.82,11.36,0,D,Peak 3,16.1,0.9,1813.0,La Fournaise Monèdières,454666.0,185472.0,1553864212.0,Treignac,455531.0,178998.0,1553867476.0,male
142,monedieres,2018-2019,30/03/2019,10.66,14.93,19,triangle FAI,Thierry CHANTERAUD,La Fournaise Monèdières,La Fournaise Monèdières,4.25,2.99,3.42,0.0,0,D,Peak 3,17.2,0.6,2097.0,La Fournaise Monèdières,454622.0,184652.0,1553950623.0,Suc au May,454532.0,186728.0,1553952855.0,male
143,monedieres,2019-2020,25/06/2020,28.57,28.57,19,Dist 3 pts,Frederic BIOJOUT,La Fournaise Monèdières,la fournaise,3.46,13.98,6.04,5.07,0,D,Leopard,16.5,1.7,1933.0,La Fournaise Monèdières,454661.0,187342.0,1593093769.0,la fournaise,45449.0,197592.0,1593100014.0,male
144,monedieres,2019-2020,21/05/2020,15.25,21.35,19,triangle FAI,Davy FARGES,Déco Monédières Nord Ouest,Le Couderchou,5.28,5.67,4.29,0.0,0,C,Volt 3,6.4,2.4,2139.0,Déco Monédières Nord Ouest,454859.0,183955.0,1590068088.0,Combe Coutaut,454655.0,18182.0,1590076710.0,male
145,monedieres,2019-2020,22/05/2020,13.45,18.83,19,triangle FAI,Davy FARGES,La Fournaise Monèdières,La Fournaise Monèdières,4.64,3.76,5.03,0.0,0,C,Volt 3,7.7,1.7,1835.0,La Fournaise Monèdières,454672.0,185058.0,1590156265.0,Les Barres,454605.0,181363.0,1590162520.0,male
146,monedieres,2019-2020,30/05/2020,44.65,53.59,19,triangle,William SAINTE-CATHERINE,Déco Monédières Nord Ouest,La Fournaise Monèdières,7.12,18.32,19.19,0.0,0,D,Leopard,18.2,2.5,2611.0,Saint-Augustin,454314.0,185002.0,1590841420.0,Le Suc au May,454577.0,184487.0,1590850259.0,male
147,monedieres,2019-2020,30/05/2020,40.53,48.63,19,triangle,Nicolas FAVRE,La Fournaise Monèdières,Sud Roumailliac,19.3,13.09,8.11,0.0,0,D,Zeno,24.2,1.7,2757.0,Déco Monédières Nord Ouest,45473.0,182142.0,1590848542.0,Feugeas,45456.0,179235.0,1590854573.0,male
148,monedieres,2019-2020,30/05/2020,15.96,22.34,19,triangle FAI,Philippe CARDOT,La Fournaise Monèdières,Le Suc au May,4.47,5.97,5.51,0.0,0,B,Mentor 5,19.4,0.8,2449.0,Déco Monédières Nord Ouest,454837.0,1834.0,1590853015.0,Le Suc au May,454607.0,18469.0,1590855975.0,male
149,monedieres,2019-2020,31/05/2020,39.07,46.89,19,triangle,Nicolas FAVRE,La Fournaise Monèdières,atterissage sud ouest officiel monedieres,15.21,7.33,16.5,0.0,0,D,Zeno,20.7,1.9,2566.0,Les Borderies,45486.0,182918.0,1590935666.0,La Fournaise Monèdières,454627.0,184553.0,1590942460.0,male
150,monedieres,2019-2020,31/05/2020,13.91,19.48,19,triangle FAI,Florian COUERON,La Fournaise Monèdières,La Fournaise Monèdières,5.46,3.9,4.55,0.0,0,B,Mistral 7,15.8,0.9,2468.0,La Fournaise Monèdières,454669.0,186723.0,1590931767.0,La Fournaise Monèdières,454663.0,183575.0,1590934944.0,male
151,monedieres,2019-2020,02/06/2020,49.73,49.73,19,Dist 3 pts,William SAINTE-CATHERINE,La Fournaise Monèdières,Masseret Gare,10.39,15.23,15.35,8.73,0,D,Leopard,19.1,2.6,1859.0,La Fournaise Monèdières,454678.0,185103.0,1591098639.0,Masseret Gare,455211.0,156207.0,1591108021.0,male
152,monedieres,2019-2020,30/05/2020,19.49,19.49,19,Dist 3 pts,Philippe JABET,La Fournaise Monèdières,Le Lonzac,2.48,9.45,2.07,5.49,0,C,Sigma10,26.5,0.7,2601.0,Déco Monédières Nord Ouest,454708.0,183435.0,1590851753.0,Le Lonzac,454703.0,169333.0,1590854405.0,male
